Epoch,Train Loss,Validation Loss,Correct Predictions,Localization Errors,Similar Object Errors,Other Errors,Background Predictions,Total Bounding Boxes
0,17.826128005981445,0,0,6,0,7,13,42
0,0,8.56620979309082,0,0,0,11,0,45
5,10.138452529907227,0,0,0,0,5,0,45
5,0,13.936042785644531,0,0,0,3,0,47
10,10.680992126464844,0,0,0,0,6,0,43
10,0,13.715828895568848,0,0,0,3,0,46
